Organism,Antimicrobial,ref_mic,n
Enterococcus faecalis,Ampicillin,1,14
Enterococcus faecalis,Ampicillin,2,4
Enterococcus faecalis,Ampicillin,0.5,2
Enterococcus faecalis,Ampicillin,32,1
Enterococcus faecalis,Ampicillin,4,1
Enterococcus faecalis,Ceftriaxone,64,7
Enterococcus faecalis,Ceftriaxone,>64,7
Enterococcus faecalis,Ceftriaxone,32,5
Enterococcus faecalis,Ceftriaxone,2,1
Enterococcus faecalis,Ceftriaxone,8,1
Enterococcus faecalis,Daptomycin,1,10
Enterococcus faecalis,Daptomycin,2,6
Enterococcus faecalis,Meropenem,8,12
Enterococcus faecalis,Meropenem,4,5
Enterococcus faecalis,Meropenem,2,4
Enterococcus faecalis,Meropenem,16,1
Enterococcus faecalis,Oxacillin,>8,18
Enterococcus faecalis,Oxacillin,8,6
Enterococcus faecalis,Oxacillin,4,1
Enterococcus faecalis,Vancomycin,2,20
Enterococcus faecalis,Vancomycin,4,5
Enterococcus faecalis,Vancomycin,1,2
Enterococcus faecalis,Vancomycin,32,2
Enterococcus faecium,Ampicillin,>32,10
Enterococcus faecium,Ampicillin,2,2
Enterococcus faecium,Ampicillin,32,1
Enterococcus faecium,Ceftriaxone,>64,7
Enterococcus faecium,Ceftriaxone,64,1
Enterococcus faecium,Daptomycin,4,6
Enterococcus faecium,Daptomycin,2,3
Enterococcus faecium,Daptomycin,8,2
Enterococcus faecium,Daptomycin,1,1
Enterococcus faecium,Meropenem,>16,9
Enterococcus faecium,Meropenem,16,2
Enterococcus faecium,Meropenem,8,1
Enterococcus faecium,Oxacillin,>8,8
Enterococcus faecium,Vancomycin,>32,10
Enterococcus faecium,Vancomycin,1,1
Enterococcus faecium,Vancomycin,2,1
Enterococcus faecium,Vancomycin,0.5,1
Staphylococcus aureus,Ampicillin,<=0.12,6
Staphylococcus aureus,Ampicillin,32,5
Staphylococcus aureus,Ampicillin,>32,4
Staphylococcus aureus,Ampicillin,8,3
Staphylococcus aureus,Ampicillin,4,2
Staphylococcus aureus,Ampicillin,16,2
Staphylococcus aureus,Ampicillin,0.25,1
Staphylococcus aureus,Ceftriaxone,4,7
Staphylococcus aureus,Ceftriaxone,64,5
Staphylococcus aureus,Ceftriaxone,2,5
Staphylococcus aureus,Ceftriaxone,>64,5
Staphylococcus aureus,Ceftriaxone,1,1
Staphylococcus aureus,Daptomycin,0.5,9
Staphylococcus aureus,Daptomycin,0.25,7
Staphylococcus aureus,Daptomycin,4,2
Staphylococcus aureus,Daptomycin,1,2
Staphylococcus aureus,Daptomycin,0.12,1
Staphylococcus aureus,Meropenem,0.12,5
Staphylococcus aureus,Meropenem,0.25,4
Staphylococcus aureus,Meropenem,<=0.06,4
Staphylococcus aureus,Meropenem,8,3
Staphylococcus aureus,Meropenem,16,2
Staphylococcus aureus,Meropenem,>16,1
Staphylococcus aureus,Meropenem,0.5,1
Staphylococcus aureus,Meropenem,4,1
Staphylococcus aureus,Oxacillin,>8,8
Staphylococcus aureus,Oxacillin,0.5,5
Staphylococcus aureus,Oxacillin,0.25,5
Staphylococcus aureus,Oxacillin,1,2
Staphylococcus aureus,Vancomycin,1,19
Staphylococcus aureus,Vancomycin,0.5,6
Staphylococcus aureus,Vancomycin,2,2
Staphylococcus aureus,Vancomycin,8,1
Staphylococcus epidermidis,Ampicillin,32,5
Staphylococcus epidermidis,Ampicillin,>32,5
Staphylococcus epidermidis,Ampicillin,0.5,3
Staphylococcus epidermidis,Ampicillin,16,2
Staphylococcus epidermidis,Ampicillin,<=0.12,2
Staphylococcus epidermidis,Ampicillin,8,1
Staphylococcus epidermidis,Ceftriaxone,>64,7
Staphylococcus epidermidis,Ceftriaxone,64,6
Staphylococcus epidermidis,Ceftriaxone,2,4
Staphylococcus epidermidis,Ceftriaxone,32,3
Staphylococcus epidermidis,Ceftriaxone,16,1
Staphylococcus epidermidis,Daptomycin,0.5,13
Staphylococcus epidermidis,Daptomycin,0.25,9
Staphylococcus epidermidis,Daptomycin,0.12,1
Staphylococcus epidermidis,Meropenem,0.12,5
Staphylococcus epidermidis,Meropenem,4,4
Staphylococcus epidermidis,Meropenem,8,4
Staphylococcus epidermidis,Meropenem,16,2
Staphylococcus epidermidis,Meropenem,2,2
Staphylococcus epidermidis,Meropenem,>16,2
Staphylococcus epidermidis,Meropenem,1,1
Staphylococcus epidermidis,Meropenem,0.25,1
Staphylococcus epidermidis,Oxacillin,>8,5
Staphylococcus epidermidis,Oxacillin,0.12,4
Staphylococcus epidermidis,Oxacillin,8,4
Staphylococcus epidermidis,Oxacillin,0.25,4
Staphylococcus epidermidis,Oxacillin,4,3
Staphylococcus epidermidis,Oxacillin,2,1
Staphylococcus epidermidis,Oxacillin,<=0.06,1
Staphylococcus epidermidis,Vancomycin,2,14
Staphylococcus epidermidis,Vancomycin,1,9
Staphylococcus epidermidis,Vancomycin,4,1
