tier,feature,missing_neg,missing_pos,chi2_p
tier1_gram,Crystal_Violet_Retention,0.13251627728839524,0.13127169454086463,0.9202423435134797
tier1_gram,Safranin_Intensity,0.13519724243584832,0.12590722625433892,0.3146413073089285
tier1_gram,Stain_Hue_Angle_deg,0.12370739180390655,0.13127169454086463,0.41364480209847465
tier1_gram,Cell_Wall_Thickness_nm,0.13098429720413635,0.1233827705900915,0.4096102500065054
tier1_gram,Mean_Cell_Area_um2,0.13979318268862506,0.11580940359734933,0.007170772258400441
tier1_gram,Cell_Elongation_Index,0.12906932209881272,0.12874723887661724,1.0
tier1_gram,KOH_String_Test,0.12792033703561853,0.11770274534553486,0.25447821654859343
tier1_gram,Cell_Morphology,0.13060130218307162,0.11738718838750395,0.13882699765898726
tier1_gram,Catalase,0.12102642665645347,0.12811612496055538,0.4404930965099285
tier1_gram,Specimen_Source,0.13098429720413635,0.1309561375828337,1.0
tier2_growth,Concentration_ug_mL,0.0,0.0,1.0
tier2_growth,Well_DSI,0.0,0.0,1.0
tier2_growth,Incubation_Time_h,0.0,0.0,1.0
tier2_growth,Inoculum_log10_CFU_mL,0.12557603686635946,0.1190176322418136,0.47295440902638275
tier2_growth,Cell_Count_T0,0.11981566820276497,0.13129722921914358,0.2046616305846684
tier2_growth,Cell_Count_T4h,0.12980030721966207,0.11775818639798488,0.17836721058795998
tier2_growth,Growth_Fold_Change,0.12788018433179724,0.12814861460957178,1.0
tier2_growth,Mean_Cell_Area_um2,0.1282642089093702,0.1253148614609572,0.7674511358424562
tier2_growth,Cell_Elongation_Index,0.1294162826420891,0.12846347607052896,0.9456962005971752
tier2_growth,Occupied_Area_Fraction,0.11866359447004608,0.14326196473551636,0.006763524780543878
tier2_growth,Time_to_Detection_h,0.1347926267281106,0.1341309823677582,0.9723823340865142
tier2_growth,OD600_Read,0.13325652841781874,0.1294080604534005,0.6949830631697117
tier2_growth,Growth_Control_OD600,0.11943164362519201,0.12311083123425692,0.6998036869415014
tier2_growth,Antimicrobial,0.0,0.0,1.0
tier2_growth,Specimen_Source,0.1282642089093702,0.13318639798488666,0.6081538441969689
