feature,lower_fence,upper_fence,n_low,n_high,pct_outliers,n_abs_z_gt_3
Cell_Elongation_Index,-1.44825,5.70975,0,950,18.867924528301888,17
Incubation_Time_h,18.0,18.0,0,616,10.657439446366782,0
Concentration_ug_mL,-11.375,19.625,0,543,9.39446366782007,157
Cell_Count_T0,1.979466970357632,2.364492758649509,72,2,1.4650564244704019,33
Inoculum_log10_CFU_mL,5.38,6.0200000000000005,14,32,0.9064039408866995,18
Growth_Control_OD600,0.567,1.039,30,0,0.5907837731390311,5
Stain_Hue_Angle_deg,254.44999999999996,347.65,0,1,0.0198373338623289,1
Cell_Wall_Thickness_nm,-10.750000000000004,50.45,0,0,0.0,0
Cell_Count_T4h,0.7241470303509214,4.727246367350765,0,0,0.0,0
Growth_Fold_Change,-1.4786428422974733,2.580561040028601,0,0,0.0,0
Crystal_Violet_Retention,-0.308,1.3559999999999999,0,0,0.0,0
OD600_Read,-0.7815000000000002,1.4945000000000002,0,0,0.0,0
Mean_Cell_Area_um2,-2.4465,6.631499999999999,0,0,0.0,0
Occupied_Area_Fraction,-0.7030000000000001,1.377,0,0,0.0,0
Safranin_Intensity,-0.3760000000000001,1.3200000000000003,0,0,0.0,0
Time_to_Detection_h,-19.750000000000004,40.010000000000005,0,0,0.0,0
Well_DSI,-3.0,13.0,0,0,0.0,0
