tier,Model,feature,auc_drop_mean,auc_drop_sd
tier1_gram,XGBoost,Crystal_Violet_Retention,0.0010754598680062788,0.00031212972890127475
tier1_gram,XGBoost,Safranin_Intensity,0.0003369033931229115,0.00020841899406991396
tier1_gram,XGBoost,Stain_Hue_Angle_deg,0.00019817846654288652,6.543105532981384e-05
tier1_gram,XGBoost,Cell_Wall_Thickness_nm,-0.00014385023174920964,8.27023748226963e-05
tier1_gram,XGBoost,Mean_Cell_Area_um2,0.03081350552080786,0.0014315901257364464
tier1_gram,XGBoost,Cell_Elongation_Index,0.031318348079975286,0.001870729865053744
tier1_gram,XGBoost,KOH_String_Test,0.02834908795194515,0.002983248260397494
tier1_gram,XGBoost,Cell_Morphology,0.0001807524289675344,0.0001514656551425879
tier1_gram,XGBoost,Catalase,0.0031739306477873487,0.0003702607230875298
tier1_gram,SVM-RBF,Crystal_Violet_Retention,0.000860026207393716,0.00044512730337869556
tier1_gram,SVM-RBF,Safranin_Intensity,2.4259777800961224e-05,9.671251519732377e-05
tier1_gram,SVM-RBF,Stain_Hue_Angle_deg,-4.7494494568001146e-05,0.00012388875573743417
tier1_gram,SVM-RBF,Cell_Wall_Thickness_nm,-8.883862293274091e-06,6.543462387468348e-05
tier1_gram,SVM-RBF,Mean_Cell_Area_um2,0.0193541773799782,0.0011430105198823631
tier1_gram,SVM-RBF,Cell_Elongation_Index,0.033470292877021766,0.002273641293197613
tier1_gram,SVM-RBF,KOH_String_Test,0.020045410203799286,0.0017498703589803823
tier1_gram,SVM-RBF,Cell_Morphology,0.0008839442981834367,0.00040278015033828993
tier1_gram,SVM-RBF,Catalase,0.009245708838247112,0.001142143920366256
tier1_gram,Transformer,Crystal_Violet_Retention,0.00023627656830051968,0.0006978005895644446
tier1_gram,Transformer,Safranin_Intensity,6.509137564885137e-05,0.00011452301695103408
tier1_gram,Transformer,Stain_Hue_Angle_deg,0.0004672569879263344,0.00030231046761914086
tier1_gram,Transformer,Cell_Wall_Thickness_nm,-0.0004623025262630698,0.0003007818185148267
tier1_gram,Transformer,Mean_Cell_Area_um2,0.011228689408215042,0.0007535186404597087
tier1_gram,Transformer,Cell_Elongation_Index,0.0343005923144339,0.0027694041909844375
tier1_gram,Transformer,KOH_String_Test,0.03181140243725329,0.0022646067174466903
tier1_gram,Transformer,Cell_Morphology,-0.00021355438205059585,0.0004372899637573539
tier1_gram,Transformer,Catalase,0.0017692553444118354,0.0005249469118726789
tier2_growth,XGBoost,Growth_Fold_Change,0.0010242488023033847,0.0003027917328638736
tier2_growth,XGBoost,Time_to_Detection_h,0.0011137265269255182,0.00031932855412334765
tier2_growth,XGBoost,Occupied_Area_Fraction,0.001351994861809458,0.00045659950963660865
tier2_growth,XGBoost,OD600_Read,0.02625289997644431,0.0031624968627786197
tier2_growth,XGBoost,Well_DSI,0.0008341086374813233,0.00028891020701277684
tier2_growth,XGBoost,Cell_Elongation_Index,0.0021932210455675614,0.0004975861628237589
tier2_growth,XGBoost,Mean_Cell_Area_um2,0.002270836193061698,0.00044504979297999437
tier2_growth,XGBoost,Inoculum_log10_CFU_mL,4.812817006190073e-05,3.524880060872815e-05
tier2_growth,XGBoost,Antimicrobial,0.00028334612797011884,4.188778520934764e-05
tier2_growth,SVM-RBF,Growth_Fold_Change,0.0015197655954758194,0.00033394125339706324
tier2_growth,SVM-RBF,Time_to_Detection_h,0.006520689181837946,0.0007798961369287754
tier2_growth,SVM-RBF,Occupied_Area_Fraction,0.0012147278979003583,0.0006382880920695464
tier2_growth,SVM-RBF,OD600_Read,0.03070475570717046,0.003434319432888881
tier2_growth,SVM-RBF,Well_DSI,0.0014184252937257558,0.00045316578283524737
tier2_growth,SVM-RBF,Cell_Elongation_Index,0.005866891716701228,0.000492209876984542
tier2_growth,SVM-RBF,Mean_Cell_Area_um2,0.0025514708748310966,0.0004790035631975926
tier2_growth,SVM-RBF,Inoculum_log10_CFU_mL,-0.0001359112408087615,0.00013718283308288728
tier2_growth,SVM-RBF,Antimicrobial,0.0008354643605815504,0.0001933985452100155
tier2_growth,Transformer,Growth_Fold_Change,0.0017231240605261266,0.0003996314357880911
tier2_growth,Transformer,Time_to_Detection_h,0.0033706665582087015,0.000509825570801732
tier2_growth,Transformer,Occupied_Area_Fraction,0.0017734552806260907,0.00030524381082848315
tier2_growth,Transformer,OD600_Read,0.034837508113155315,0.004034528065142024
tier2_growth,Transformer,Well_DSI,0.0007375133665823208,0.00032348700915864115
tier2_growth,Transformer,Cell_Elongation_Index,0.014391678571609967,0.0021669791903406723
tier2_growth,Transformer,Mean_Cell_Area_um2,0.006177691237453131,0.0009363232422163951
tier2_growth,Transformer,Inoculum_log10_CFU_mL,2.2030500379299766e-06,1.929674321937124e-05
tier2_growth,Transformer,Antimicrobial,0.00014845167948658312,0.00017425657016749521
