param_clf__C,param_clf__class_weight,param_clf__gamma,mean_train_score,mean_test_score,std_test_score,gap,chosen
22.673986523780385,,0.014040609919104432,0.9991435033749596,0.998840615006374,0.0003394826792128931,0.00030288836858560764,True
9.717775305059629,balanced,0.01885678387479499,0.9991092245552482,0.9988080467746198,0.00032012652360032684,0.0003011777806284366,False
6.647135865318027,,0.0224645516805326,0.9991000807461126,0.9987843547843299,0.00034501428631009313,0.00031572596178264245,False
65.41210527692726,balanced,0.0035113563139704067,0.9986828854552723,0.9984692024979438,0.0002766962843286462,0.00021368295732848708,False
83.41930294140772,,0.023345864076016236,0.9993780623137921,0.9984198320854407,0.000500710125167201,0.0009582302283513977,False
1.0025956902289566,balanced,0.13311216080736885,0.9989972123721224,0.9982857745968164,0.0006207468451422743,0.000711437775305912,False
0.35498788321965025,balanced,0.06838478430964044,0.9985384579295815,0.9982286453245249,0.0004334658510458142,0.0003098126050565808,False
21.830968390524596,,0.0029380279387035343,0.9982041322964645,0.9980239562299097,0.0003214316969495606,0.00018017606655484908,False
89.06204386161673,,0.001378323745500718,0.9981631110790158,0.9979945756692462,0.00038788900611184566,0.00016853540976957682,False
0.2323350351539011,,0.31592553907017473,0.998584484513653,0.9977942423839161,0.0007301219398441972,0.0007902421297368845,False
0.4928122297695503,balanced,0.020914981329035603,0.9978237076703198,0.9976184614342547,0.00023314626422063213,0.00020524623606510417,False
26.619018884890558,,0.0011166029133981344,0.9977706081744702,0.9975770866050142,0.0003900186372046144,0.00019352156945595667,False
0.115279871282324,balanced,0.146553541187277,0.9979270277405451,0.997490144521034,0.0005923266209720605,0.000436883219511075,False
0.2937538457632829,,0.023864188780056052,0.9976252560071031,0.9974376951944002,0.0002607363976371454,0.0001875608127028805,False
6.847920095574777,balanced,0.0013803746963532808,0.9972167136256835,0.9970659164514748,0.00034960257798823515,0.00015079717420873884,False
1.3292918943162166,,0.0035506214270707706,0.9969409639260863,0.9968140840166475,0.0002933609018038525,0.0001268799094388262,False
0.1095960453692584,,0.7886714129990486,0.9981229318377849,0.9965384069191929,0.0007941869876712417,0.0015845249185919563,False
0.33120277014659455,,0.005975027999960293,0.9962048443953393,0.9960756838909871,0.0002860526194245026,0.00012916050435218818,False
0.4205571187007208,balanced,0.0035856126103453977,0.9958677453229164,0.995761889006997,0.00039839081439004784,0.00010585631591941702,False
0.10500232504231348,,0.007476312062252299,0.9955616662196872,0.9954527200702264,0.0003392245568167347,0.00010894614946077574,False
