param_clf__colsample_bytree,param_clf__gamma,param_clf__learning_rate,param_clf__max_depth,param_clf__min_child_weight,param_clf__n_estimators,param_clf__reg_alpha,param_clf__reg_lambda,param_clf__subsample,mean_train_score,mean_test_score,std_test_score,gap,chosen
0.831261142176991,0.9351332282682329,0.06623659776144764,3,4,409,0.0013056504703477952,6.031249654775616,0.7799016533479063,0.9990780481423718,0.9970734983174132,0.0014886511860823421,0.002004549824958568,True
0.6975751180009072,2.7799765973813826,0.10673380486842059,4,8,314,0.08444040449965451,14.888730997782577,0.9378135394712606,0.9980078114171891,0.9970626913626436,0.0015725081265507209,0.0009451200545455007,False
0.7469468575917173,0.5364681276639864,0.0465049070034725,5,7,294,0.27070131351207144,0.7516293778569401,0.637469907131237,0.9989312729670257,0.9970557610075726,0.0015833273456232475,0.0018755119594530134,False
0.587477463547968,2.9465050299883067,0.0657152080123789,2,2,484,0.00220995965577679,9.156639782185152,0.9601672228653322,0.9977974020499072,0.9970430204443288,0.0014017235763321193,0.0007543816055783914,False
0.6854091260991332,2.0065237579908217,0.09267281437450534,5,8,313,1.9132570498012023,0.3620725764240017,0.6478376983753207,0.9981430748724911,0.9970417337548607,0.0015593692333505775,0.0011013411176303833,False
0.6838579015297168,0.7956071030451763,0.035076773551009736,3,6,464,0.06316036391470119,9.796236861131645,0.7737577462041715,0.9985128116533932,0.9970327730938852,0.0016165684485709667,0.0014800385595080678,False
0.5372753218398854,2.960660809801552,0.11837902670927289,5,8,162,1.0384064176934509,2.154553560102752,0.8916028672163949,0.9980454046264644,0.9970223253234932,0.0015232200871707579,0.001023079302971186,False
0.6668543055695109,0.42860045376582234,0.08951966918518124,2,2,443,1.1999975480350795,0.05022706182399988,0.6727299868828402,0.9992294229953421,0.9969891889685462,0.0012668888350463434,0.002240234026795962,False
0.816550728636634,1.017089373146102,0.044693006461890325,5,16,230,1.4706789272585976,0.2164180408015371,0.9551080395043839,0.9980325892888622,0.9969477182742821,0.0016100716848743684,0.0010848710145801022,False
0.5025307919231093,0.48242415425249596,0.07075608337823786,3,3,307,4.7694502692393,0.038083296684184115,0.6072301454462083,0.9980627984307489,0.9969323248072787,0.0016292112914244642,0.001130473623470185,False
0.767044709687721,1.4544899140769496,0.09850675856911914,3,12,251,3.0746431055961825,0.11665478921706425,0.8075162486973464,0.9978922958359693,0.9968996751952839,0.0017514689773130325,0.0009926206406853932,False
0.9254642243837563,2.8069049826628425,0.12200303844758467,5,20,353,0.001081482803204451,0.021625223601927233,0.8654007076432223,0.9976941149683979,0.9968072161927125,0.0015517362724625896,0.0008868987756853741,False
0.8566223936114975,2.2823551458506923,0.07282947733629992,4,14,458,0.0014111157358842545,2.217785377189975,0.6443563283247326,0.9978666988535464,0.9967333426552202,0.0015566829714810943,0.0011333561983262186,False
0.520387570777382,1.7726788295647253,0.09519066427743611,4,26,246,0.019485207209440896,0.020772160999265838,0.9762093057958416,0.9975878718685293,0.9966792565312097,0.0016015278377797875,0.0009086153373195627,False
0.7351503172230192,2.9502694226845287,0.05010192795311375,4,16,243,1.2295859039233596,0.11452613815934024,0.6746074041599417,0.9974235871893162,0.9966442919176794,0.0016655043561047945,0.0007792952716367818,False
0.7447263801387816,2.956951362331802,0.034920887064667006,5,23,302,0.023299185813694872,0.06300531975924065,0.9212559025519583,0.9974393783177528,0.9965872068792556,0.0016356168587676862,0.0008521714384971402,False
0.8515094794475889,1.090888807137882,0.18741833631196259,5,12,394,0.06907283923096205,0.09844832370789923,0.713936197750987,0.9990363226172952,0.9965832396003075,0.0018110101163410766,0.002453083016987767,False
0.7196682509328851,0.6051576070061886,0.15732349698479187,2,20,195,0.3738463468988909,0.028836152281498828,0.8417669517111269,0.997897208285125,0.9965741253239975,0.0014830745270098084,0.0013230829611274864,False
0.6872700594236812,2.8521429192297485,0.10790061933340454,2,21,202,0.04457814368987925,0.02138061513134765,0.7836995567863468,0.9971612163085192,0.996437757311117,0.0016703799983397126,0.0007234589974022265,False
0.9868777594207296,0.6983140212909127,0.02463975755279057,3,19,463,0.07982478599323917,0.90277237617151,0.6185801650879991,0.9972467554412153,0.9963153853312772,0.001678290859652215,0.0009313701099381566,False
0.8167018782552118,2.614381770563153,0.12726297533194283,5,20,385,1.8502362402943617,0.11767186678080588,0.6488351818802693,0.9969432194511787,0.9963046844765765,0.0017763096835846602,0.0006385349746022007,False
0.8736600550686904,1.6190763971672393,0.07722913335507808,2,28,287,0.10172238474449048,0.029187378749091768,0.9208787923016158,0.9970059998099046,0.9962747749067326,0.0016499478414459057,0.0007312249031720119,False
0.7699205456508366,0.6091836742043082,0.17534103518175972,4,27,342,0.003947777846526162,11.720869681864643,0.9232481518257668,0.9973116881353736,0.9961928024528606,0.0017947762839778442,0.00111888568251306,False
0.5184434736772664,1.8286930019396905,0.06363690052313559,3,23,323,2.2890130473331847,0.061773326235383154,0.6579579488364892,0.9967925399310076,0.99617054302801,0.001688511286593068,0.0006219969029975791,False
0.6781489190384875,2.720485324637262,0.03742503757487974,4,25,215,0.020143810352642465,0.10141263690986334,0.6658623412571767,0.9967138710138223,0.9960523335812859,0.0017440794354896926,0.0006615374325363854,False
0.5917022549267169,0.9127267288786132,0.06695552617031866,5,25,148,0.08732241283327245,0.20890703332534774,0.6186662652854461,0.9968154506749555,0.9960359751079462,0.001574809345062861,0.0007794755670093023,False
0.8037724259507192,0.5115723710618746,0.023231731978492907,5,25,415,0.12122333327045808,0.1871851689288996,0.6063865008880857,0.9964468263708148,0.9957001719476981,0.0017504882877962334,0.0007466544231167216,False
0.6154469128110744,0.7230763980780351,0.09644806400138223,5,29,363,0.0013403002793227006,10.039080181561518,0.7035119926400067,0.9964758241452765,0.9955990579816097,0.001838517386015553,0.0008767661636667201,False
0.8856351733429728,0.22213395520227108,0.04565577551981026,2,28,234,1.394014213117957,0.30454407662450744,0.6381640465961645,0.9961727384232827,0.9954840068738345,0.001824349221541495,0.0006887315494481516,False
0.6987860105437611,1.5532540515824405,0.1376385540632491,4,28,250,0.10064676356114942,1.980638299628403,0.6914200087189198,0.9962809085722887,0.9954531925339094,0.0017243157992722898,0.0008277160383792781,False
