test,level,Model,T1_acc,T1_iso_acc,T2_acc,T2_auc,EA,AA,CA,VME,ME
missing,0.0,XGBoost,0.9727272727272728,1.0,0.9850649350649351,0.9993356956808357,1.0,0.9494949494949495,0.9797979797979798,0.0,0.0
missing,0.0,SVM-RBF,0.9675324675324676,1.0,0.9831168831168832,0.9979376062336147,1.0,0.9696969696969697,1.0,0.0,0.0
missing,0.0,Transformer,0.9681818181818181,1.0,0.9792207792207792,0.998561238859769,1.0,0.898989898989899,0.9797979797979798,0.0,0.0
missing,0.1,XGBoost,0.9662337662337662,1.0,0.9844155844155844,0.9989662611359942,0.98989898989899,0.9292929292929293,0.9595959595959596,0.0,0.02040816326530612
missing,0.1,SVM-RBF,0.961038961038961,1.0,0.9753246753246754,0.997000462640508,0.98989898989899,0.8888888888888888,0.9595959595959596,0.0,0.061224489795918366
missing,0.1,Transformer,0.962987012987013,1.0,0.9733766233766233,0.9978003392697059,0.9797979797979798,0.8585858585858586,0.9595959595959596,0.0,0.02040816326530612
missing,0.2,XGBoost,0.9590909090909091,1.0,0.9681818181818181,0.9970191038331375,0.9797979797979798,0.9090909090909091,0.9696969696969697,0.0,0.0
missing,0.2,SVM-RBF,0.9467532467532468,1.0,0.9616883116883117,0.9943008790169652,0.9595959595959596,0.8585858585858586,0.9696969696969697,0.0,0.061224489795918366
missing,0.2,Transformer,0.9558441558441558,1.0,0.9584415584415584,0.9959684184303776,0.9696969696969697,0.8383838383838383,0.9696969696969697,0.0,0.02040816326530612
missing,0.3,XGBoost,0.9415584415584416,1.0,0.9668831168831169,0.9956074571549134,0.9696969696969697,0.9090909090909091,0.9696969696969697,0.0,0.0
missing,0.3,SVM-RBF,0.9311688311688312,1.0,0.9422077922077922,0.9913945476206212,0.9393939393939394,0.8080808080808081,0.9696969696969697,0.0,0.0
missing,0.3,Transformer,0.9363636363636364,1.0,0.9441558441558442,0.993417117020934,0.9494949494949495,0.797979797979798,0.9393939393939394,0.0,0.0
growth_artefact,0.0,XGBoost,0.9727272727272728,1.0,0.9850649350649351,0.9993356956808357,1.0,0.9494949494949495,0.9797979797979798,0.0,0.0
growth_artefact,0.0,SVM-RBF,0.9675324675324676,1.0,0.9831168831168832,0.9979376062336147,1.0,0.9696969696969697,1.0,0.0,0.0
growth_artefact,0.0,Transformer,0.9681818181818181,1.0,0.9792207792207792,0.998561238859769,1.0,0.898989898989899,0.9797979797979798,0.0,0.0
growth_artefact,0.025,XGBoost,0.962987012987013,1.0,0.9571428571428572,0.9769238981784165,0.9292929292929293,0.8181818181818182,0.9191919191919192,0.075,0.0
growth_artefact,0.025,SVM-RBF,0.9584415584415584,1.0,0.9564935064935065,0.976003701124064,0.9393939393939394,0.8484848484848485,0.9494949494949495,0.05,0.0
growth_artefact,0.025,Transformer,0.9584415584415584,1.0,0.951948051948052,0.9733880028673545,0.9696969696969697,0.8282828282828283,0.9595959595959596,0.0,0.0
growth_artefact,0.05,XGBoost,0.964935064935065,1.0,0.9428571428571428,0.9708655105737929,0.8787878787878788,0.7878787878787878,0.9292929292929293,0.05,0.0
growth_artefact,0.05,SVM-RBF,0.9616883116883117,1.0,0.9428571428571428,0.9662831664946592,0.8888888888888888,0.8282828282828283,0.9393939393939394,0.05,0.0
growth_artefact,0.05,Transformer,0.961038961038961,1.0,0.9383116883116883,0.9545798868310141,0.9292929292929293,0.7878787878787878,0.9494949494949495,0.0,0.0
growth_artefact,0.1,XGBoost,0.9512987012987013,1.0,0.8980519480519481,0.932614630624768,0.9090909090909091,0.7474747474747475,0.8888888888888888,0.05,0.061224489795918366
growth_artefact,0.1,SVM-RBF,0.95,1.0,0.8987012987012987,0.9383417133967473,0.9191919191919192,0.7575757575757576,0.9191919191919192,0.025,0.04081632653061224
growth_artefact,0.1,Transformer,0.9493506493506494,1.0,0.8954545454545455,0.9220730361927227,0.9191919191919192,0.7070707070707071,0.898989898989899,0.0,0.061224489795918366
gram_failure,0.0,XGBoost,0.9727272727272728,1.0,0.9850649350649351,0.9993356956808357,1.0,0.9494949494949495,0.9797979797979798,0.0,0.0
gram_failure,0.0,SVM-RBF,0.9675324675324676,1.0,0.9831168831168832,0.9979376062336147,1.0,0.9696969696969697,1.0,0.0,0.0
gram_failure,0.0,Transformer,0.9681818181818181,1.0,0.9792207792207792,0.998561238859769,1.0,0.898989898989899,0.9797979797979798,0.0,0.0
gram_failure,0.05,XGBoost,0.9409090909090909,1.0,0.9753246753246754,0.9975681716887734,1.0,0.9292929292929293,0.98989898989899,0.0,0.0
gram_failure,0.05,SVM-RBF,0.9331168831168831,1.0,0.9720779220779221,0.9950838091074088,1.0,0.9393939393939394,1.0,0.0,0.0
gram_failure,0.05,Transformer,0.938961038961039,1.0,0.9675324675324676,0.9933518728467304,1.0,0.8787878787878788,0.98989898989899,0.0,0.0
gram_failure,0.1,XGBoost,0.9175324675324675,1.0,0.9675324675324676,0.996729318020441,1.0,0.9090909090909091,0.9696969696969697,0.0,0.0
gram_failure,0.1,SVM-RBF,0.9103896103896104,1.0,0.962987012987013,0.9941364975910496,0.9595959595959596,0.8888888888888888,0.9696969696969697,0.0,0.0
gram_failure,0.1,Transformer,0.9181818181818182,1.0,0.9577922077922078,0.9917402570112068,0.98989898989899,0.8484848484848485,0.9696969696969697,0.0,0.0
gram_failure,0.2,XGBoost,0.8493506493506493,0.9818181818181818,0.9584415584415584,0.9941619173991808,0.9292929292929293,0.8383838383838383,0.9292929292929293,0.05,0.02040816326530612
gram_failure,0.2,SVM-RBF,0.8402597402597403,1.0,0.9538961038961039,0.9913996315822474,0.9292929292929293,0.8383838383838383,0.9595959595959596,0.0,0.02040816326530612
gram_failure,0.2,Transformer,0.8662337662337662,1.0,0.95,0.9849404583360872,0.9494949494949495,0.8080808080808081,0.9494949494949495,0.0,0.0
noise_sd,0.0,XGBoost,0.9727272727272728,1.0,0.9850649350649351,0.9993356956808357,1.0,0.9494949494949495,0.9797979797979798,0.0,0.0
noise_sd,0.0,SVM-RBF,0.9675324675324676,1.0,0.9831168831168832,0.9979376062336147,1.0,0.9696969696969697,1.0,0.0,0.0
noise_sd,0.0,Transformer,0.9681818181818181,1.0,0.9792207792207792,0.998561238859769,1.0,0.898989898989899,0.9797979797979798,0.0,0.0
noise_sd,0.1,XGBoost,0.9675324675324676,1.0,0.9863636363636363,0.9990204900600077,1.0,0.9393939393939394,0.9797979797979798,0.0,0.0
noise_sd,0.1,SVM-RBF,0.9707792207792207,1.0,0.9798701298701299,0.9976529043825444,1.0,0.9393939393939394,0.98989898989899,0.0,0.0
noise_sd,0.1,Transformer,0.9688311688311688,1.0,0.9811688311688311,0.9985298877630738,1.0,0.898989898989899,0.9797979797979798,0.0,0.0
noise_sd,0.25,XGBoost,0.951948051948052,1.0,0.9798701298701299,0.9984985366663786,1.0,0.898989898989899,0.9696969696969697,0.0,0.0
noise_sd,0.25,SVM-RBF,0.9688311688311688,1.0,0.9772727272727273,0.9958955483137346,0.9797979797979798,0.8787878787878788,0.9696969696969697,0.0,0.02040816326530612
noise_sd,0.25,Transformer,0.962987012987013,1.0,0.9766233766233766,0.9977689881730105,0.98989898989899,0.8888888888888888,0.9797979797979798,0.0,0.0
noise_sd,0.5,XGBoost,0.9142857142857143,1.0,0.962987012987013,0.9949651833361295,0.9595959595959596,0.8282828282828283,0.9393939393939394,0.025,0.04081632653061224
noise_sd,0.5,SVM-RBF,0.961038961038961,1.0,0.9532467532467532,0.9891287953891857,0.9393939393939394,0.7878787878787878,0.9393939393939394,0.075,0.0
noise_sd,0.5,Transformer,0.9415584415584416,1.0,0.961038961038961,0.9924723474853878,0.9696969696969697,0.797979797979798,0.9494949494949495,0.025,0.02040816326530612
inoculum_shift,-0.5,XGBoost,0.9727272727272728,1.0,0.987012987012987,0.9993475582579636,0.98989898989899,0.9292929292929293,0.9797979797979798,0.0,0.0
inoculum_shift,-0.5,SVM-RBF,0.9675324675324676,1.0,0.9785714285714285,0.9978240644239618,0.9696969696969697,0.8686868686868687,0.9696969696969697,0.05,0.0
inoculum_shift,-0.5,Transformer,0.9681818181818181,1.0,0.9805194805194806,0.9985866586679004,1.0,0.898989898989899,0.9797979797979798,0.0,0.0
inoculum_shift,0.0,XGBoost,0.9727272727272728,1.0,0.9850649350649351,0.9993356956808357,1.0,0.9494949494949495,0.9797979797979798,0.0,0.0
inoculum_shift,0.0,SVM-RBF,0.9675324675324676,1.0,0.9831168831168832,0.9979376062336147,1.0,0.9696969696969697,1.0,0.0,0.0
inoculum_shift,0.0,Transformer,0.9681818181818181,1.0,0.9792207792207792,0.998561238859769,1.0,0.898989898989899,0.9797979797979798,0.0,0.0
inoculum_shift,0.5,XGBoost,0.9727272727272728,1.0,0.9857142857142858,0.9993170544882061,1.0,0.9494949494949495,0.9797979797979798,0.0,0.0
inoculum_shift,0.5,SVM-RBF,0.9675324675324676,1.0,0.9818181818181818,0.9979443848491165,0.98989898989899,0.9292929292929293,0.9797979797979798,0.0,0.0
inoculum_shift,0.5,Transformer,0.9681818181818181,1.0,0.9811688311688311,0.9985917426295267,1.0,0.898989898989899,0.9797979797979798,0.0,0.0
