Model,Metric,estimate,ci_low,ci_high
XGBoost,T1_acc,0.9727272727272728,0.964586261355235,0.9802683266982078
XGBoost,T2_acc,0.9850649350649351,0.9783815374904452,0.9911324839976527
XGBoost,EA,1.0,1.0,1.0
XGBoost,AA,0.9494949494949495,0.9069689922480619,0.9883720930232558
XGBoost,CA,0.9797979797979798,0.946236559139785,1.0
XGBoost,VME,0.0,0.0,0.08809730287880237
SVM-RBF,T1_acc,0.9675324675324676,0.9572590165900294,0.9768472424612923
SVM-RBF,T2_acc,0.9831168831168832,0.9762360398735584,0.9892273805143301
SVM-RBF,EA,1.0,1.0,1.0
SVM-RBF,AA,0.9696969696969697,0.935175120772947,1.0
SVM-RBF,CA,1.0,1.0,1.0
SVM-RBF,VME,0.0,0.0,0.08809730287880237
Transformer,T1_acc,0.9681818181818181,0.9590044509266477,0.9766652451173111
Transformer,T2_acc,0.9792207792207792,0.9720742196400092,0.9869942443808778
Transformer,EA,1.0,1.0,1.0
Transformer,AA,0.898989898989899,0.8383701883701883,0.9519230769230769
Transformer,CA,0.9797979797979798,0.9512135341941654,1.0
Transformer,VME,0.0,0.0,0.08809730287880237
