Model,fold,T2_auc,AA,EA,n_series
XGBoost,1,0.9989175377184744,0.9295774647887324,0.9859154929577465,71
XGBoost,2,0.9991323890030306,0.9436619718309859,0.9859154929577465,71
XGBoost,3,0.9992524241476384,1.0,1.0,74
XGBoost,4,0.9991416920750601,0.9722222222222222,1.0,72
XGBoost,5,0.9991694549957728,0.9493670886075949,1.0,79
SVM-RBF,1,0.9987925209479321,0.9154929577464789,0.9859154929577465,71
SVM-RBF,2,0.9989757370174667,0.9014084507042254,0.9859154929577465,71
SVM-RBF,3,0.9987519549577728,0.972972972972973,1.0,74
SVM-RBF,4,0.9993647901638532,0.9722222222222222,1.0,72
SVM-RBF,5,0.9983180719448447,0.9493670886075949,1.0,79
Transformer,1,0.9990425544890168,0.9014084507042254,0.971830985915493,71
Transformer,2,0.9986684581227067,0.8873239436619719,0.971830985915493,71
Transformer,3,0.9988145136065061,0.9864864864864865,1.0,74
Transformer,4,0.9993028184725218,0.9583333333333334,1.0,72
Transformer,5,0.9985175218204119,0.9367088607594937,1.0,79
