Model,tier,perm,AUC_real,AUC_null
XGBoost,tier1_gram,0,0.9957049942682004,0.5044564528446298
XGBoost,tier1_gram,1,0.9957049942682004,0.5169024022305329
XGBoost,tier2_growth,0,0.9993356956808357,0.4962132959153758
XGBoost,tier2_growth,1,0.9993356956808357,0.4929663390900726
SVM-RBF,tier1_gram,0,0.9942835763012723,0.49551279532435494
SVM-RBF,tier1_gram,1,0.9942835763012723,0.5291142960137085
SVM-RBF,tier2_growth,0,0.9979376062336147,0.5079114916173946
SVM-RBF,tier2_growth,1,0.9979376062336147,0.5246580612142873
Transformer,tier1_gram,0,0.9936685396809667,0.5133864428844535
Transformer,tier1_gram,1,0.9936685396809667,0.5141338832216301
Transformer,tier2_growth,0,0.998561238859769,0.5094993822986624
Transformer,tier2_growth,1,0.998561238859769,0.4790295056186249
