Model,fraction,n_isolates,Train_T2_acc,Test_T2_acc,Test_AA,Test_EA
XGBoost,0.25,54,0.9923504867872045,0.987012987012987,0.9595959595959596,0.98989898989899
XGBoost,0.5,109,0.9934595524956971,0.987012987012987,0.9393939393939394,1.0
XGBoost,1.0,219,0.9939446366782007,0.9850649350649351,0.9494949494949495,1.0
SVM-RBF,0.25,54,0.9911111111111112,0.974025974025974,0.8585858585858586,0.9696969696969697
SVM-RBF,0.5,109,0.9872791519434629,0.9831168831168832,0.9393939393939394,0.98989898989899
SVM-RBF,1.0,219,0.9885813148788928,0.9831168831168832,0.9696969696969697,1.0
Transformer,0.25,54,0.9871794871794872,0.9785714285714285,0.8888888888888888,0.9797979797979798
Transformer,0.5,109,0.9881862404447533,0.9818181818181818,0.9090909090909091,1.0
Transformer,1.0,219,0.9897923875432526,0.9792207792207792,0.898989898989899,1.0
