,,gain_share
tier1_gram,Cell_Morphology_Cocci_pairs_chains,0.006958400494814348
tier1_gram,Stain_Hue_Angle_deg,0.007674043263365533
tier1_gram,Cell_Wall_Thickness_nm,0.009445864919184612
tier1_gram,Safranin_Intensity,0.010043283703600062
tier1_gram,Cell_Morphology_Cocci_clusters,0.013892138492470459
tier1_gram,Crystal_Violet_Retention,0.026213276812525586
tier1_gram,Cell_Morphology_Rods,0.02661957992239186
tier1_gram,Catalase_Positive,0.039364421676983584
tier1_gram,Mean_Cell_Area_um2,0.14127561388658239
tier1_gram,Cell_Elongation_Index,0.20629974755014846
tier1_gram,KOH_String_Test_Positive,0.5122136292779331
tier2_growth,Antimicrobial_Oxacillin,0.0032309887295889042
tier2_growth,Antimicrobial_Meropenem,0.004948003749436998
tier2_growth,Inoculum_log10_CFU_mL,0.005852398772049876
tier2_growth,Antimicrobial_Ampicillin,0.006774479762702542
tier2_growth,Antimicrobial_Ceftriaxone,0.007177023423263302
tier2_growth,Antimicrobial_Daptomycin,0.00906201491288949
tier2_growth,Antimicrobial_Vancomycin,0.015729402145885224
tier2_growth,Well_DSI,0.0169539302617948
tier2_growth,Mean_Cell_Area_um2,0.023461585515716886
tier2_growth,Cell_Elongation_Index,0.0352536149322481
tier2_growth,Occupied_Area_Fraction,0.05535414440388043
tier2_growth,Time_to_Detection_h,0.10694860481921711
tier2_growth,Growth_Fold_Change,0.32403327604388527
tier2_growth,OD600_Read,0.3852205325274411
