Isolate_ID,P_Gram_Positive,n_well_images,Gram_Call,Model,Organism,Gram_Reaction
GN0068,0.03302808478474617,19,Gram Negative,XGBoost,Escherichia coli,Gram Negative
GN0106,0.058364786207675934,28,Gram Negative,XGBoost,Escherichia coli,Gram Negative
GN0075,0.013031667098402977,28,Gram Negative,XGBoost,Escherichia coli,Gram Negative
GN0022,0.13586072623729706,28,Gram Negative,XGBoost,Escherichia coli,Gram Negative
GP0061,0.9809872508049011,36,Gram Positive,XGBoost,Staphylococcus aureus,Gram Positive
GP0085,0.9771648645401001,33,Gram Positive,XGBoost,Staphylococcus aureus,Gram Positive
GP0023,0.9456881880760193,25,Gram Positive,XGBoost,Staphylococcus epidermidis,Gram Positive
GP0026,0.9457831978797913,36,Gram Positive,XGBoost,Staphylococcus epidermidis,Gram Positive
GN0078,0.11007491499185562,28,Gram Negative,XGBoost,Escherichia coli,Gram Negative
GN0143,0.0653059333562851,10,Gram Negative,XGBoost,Pseudomonas aeruginosa,Gram Negative
GN0006,0.03099837712943554,19,Gram Negative,XGBoost,Klebsiella pneumoniae,Gram Negative
GP0011,0.9874196648597717,35,Gram Positive,XGBoost,Enterococcus faecalis,Gram Positive
GN0047,0.003417126601561904,28,Gram Negative,XGBoost,Escherichia coli,Gram Negative
GN0020,0.024397222325205803,18,Gram Negative,XGBoost,Klebsiella pneumoniae,Gram Negative
GP0094,0.9289939999580383,35,Gram Positive,XGBoost,Staphylococcus aureus,Gram Positive
GP0078,0.9540477991104126,44,Gram Positive,XGBoost,Enterococcus faecium,Gram Positive
GP0110,0.9445975422859192,27,Gram Positive,XGBoost,Staphylococcus aureus,Gram Positive
GN0042,0.055815692991018295,28,Gram Negative,XGBoost,Pseudomonas aeruginosa,Gram Negative
GP0079,0.9957700967788696,25,Gram Positive,XGBoost,Enterococcus faecalis,Gram Positive
GN0076,0.017625518143177032,18,Gram Negative,XGBoost,Klebsiella pneumoniae,Gram Negative
GN0017,0.05951285734772682,28,Gram Negative,XGBoost,Pseudomonas aeruginosa,Gram Negative
GP0075,0.9831594228744507,35,Gram Positive,XGBoost,Enterococcus faecium,Gram Positive
GN0071,0.010183594189584255,28,Gram Negative,XGBoost,Escherichia coli,Gram Negative
GN0113,0.07459744065999985,28,Gram Negative,XGBoost,Escherichia coli,Gram Negative
GP0006,0.9906408786773682,44,Gram Positive,XGBoost,Enterococcus faecalis,Gram Positive
GP0066,0.9685273170471191,42,Gram Positive,XGBoost,Enterococcus faecium,Gram Positive
GP0036,0.9832066297531128,43,Gram Positive,XGBoost,Enterococcus faecalis,Gram Positive
GN0089,0.02038601227104664,28,Gram Negative,XGBoost,Pseudomonas aeruginosa,Gram Negative
GN0015,0.03399677202105522,28,Gram Negative,XGBoost,Klebsiella pneumoniae,Gram Negative
GP0001,0.9768260717391968,34,Gram Positive,XGBoost,Enterococcus faecalis,Gram Positive
GN0120,0.06612841039896011,19,Gram Negative,XGBoost,Pseudomonas aeruginosa,Gram Negative
GP0099,0.9712716937065125,44,Gram Positive,XGBoost,Staphylococcus epidermidis,Gram Positive
GP0062,0.9896616339683533,27,Gram Positive,XGBoost,Enterococcus faecalis,Gram Positive
GN0024,0.015797734260559082,28,Gram Negative,XGBoost,Escherichia coli,Gram Negative
GN0146,0.001023815362714231,10,Gram Negative,XGBoost,Escherichia coli,Gram Negative
GP0033,0.9608596563339233,25,Gram Positive,XGBoost,Staphylococcus epidermidis,Gram Positive
GN0041,0.0014436830533668399,28,Gram Negative,XGBoost,Escherichia coli,Gram Negative
GN0084,0.11708541959524155,19,Gram Negative,XGBoost,Pseudomonas aeruginosa,Gram Negative
GN0002,0.02061324007809162,28,Gram Negative,XGBoost,Escherichia coli,Gram Negative
GN0138,0.113156758248806,10,Gram Negative,XGBoost,Pseudomonas aeruginosa,Gram Negative
GN0119,0.0031782216392457485,19,Gram Negative,XGBoost,Escherichia coli,Gram Negative
GN0035,0.04986199364066124,28,Gram Negative,XGBoost,Pseudomonas aeruginosa,Gram Negative
GP0044,0.9843188524246216,27,Gram Positive,XGBoost,Enterococcus faecalis,Gram Positive
GP0004,0.9919828176498413,44,Gram Positive,XGBoost,Staphylococcus aureus,Gram Positive
GN0007,0.12456987798213959,18,Gram Negative,XGBoost,Klebsiella pneumoniae,Gram Negative
GN0116,0.0009564168285578489,19,Gram Negative,XGBoost,Escherichia coli,Gram Negative
GP0008,0.9934778809547424,25,Gram Positive,XGBoost,Staphylococcus epidermidis,Gram Positive
GP0009,0.9625193476676941,36,Gram Positive,XGBoost,Enterococcus faecalis,Gram Positive
GN0040,0.014937604777514935,18,Gram Negative,XGBoost,Klebsiella pneumoniae,Gram Negative
GP0073,0.9864476323127747,42,Gram Positive,XGBoost,Staphylococcus epidermidis,Gram Positive
GN0114,0.003204528708010912,19,Gram Negative,XGBoost,Klebsiella pneumoniae,Gram Negative
GP0015,0.9494679570198059,43,Gram Positive,XGBoost,Staphylococcus aureus,Gram Positive
GN0025,0.08787562698125839,28,Gram Negative,XGBoost,Pseudomonas aeruginosa,Gram Negative
GP0072,0.9657600522041321,25,Gram Positive,XGBoost,Staphylococcus aureus,Gram Positive
GP0107,0.9619691371917725,25,Gram Positive,XGBoost,Staphylococcus epidermidis,Gram Positive
GN0068,0.07477840812647468,19,Gram Negative,SVM-RBF,Escherichia coli,Gram Negative
GN0106,0.050355244509189,28,Gram Negative,SVM-RBF,Escherichia coli,Gram Negative
GN0075,0.01908637368009622,28,Gram Negative,SVM-RBF,Escherichia coli,Gram Negative
GN0022,0.16775718965874042,28,Gram Negative,SVM-RBF,Escherichia coli,Gram Negative
GP0061,0.9781199441608776,36,Gram Positive,SVM-RBF,Staphylococcus aureus,Gram Positive
GP0085,0.9681628473688385,33,Gram Positive,SVM-RBF,Staphylococcus aureus,Gram Positive
GP0023,0.9274196019056553,25,Gram Positive,SVM-RBF,Staphylococcus epidermidis,Gram Positive
GP0026,0.9441931039142413,36,Gram Positive,SVM-RBF,Staphylococcus epidermidis,Gram Positive
GN0078,0.11888519669006137,28,Gram Negative,SVM-RBF,Escherichia coli,Gram Negative
GN0143,0.08834424515710462,10,Gram Negative,SVM-RBF,Pseudomonas aeruginosa,Gram Negative
GN0006,0.025275753644755615,19,Gram Negative,SVM-RBF,Klebsiella pneumoniae,Gram Negative
GP0011,0.9889768731488382,35,Gram Positive,SVM-RBF,Enterococcus faecalis,Gram Positive
GN0047,0.015586656885875695,28,Gram Negative,SVM-RBF,Escherichia coli,Gram Negative
GN0020,0.03288727224628794,18,Gram Negative,SVM-RBF,Klebsiella pneumoniae,Gram Negative
GP0094,0.9339497236905451,35,Gram Positive,SVM-RBF,Staphylococcus aureus,Gram Positive
GP0078,0.9573682751116781,44,Gram Positive,SVM-RBF,Enterococcus faecium,Gram Positive
GP0110,0.9404058427551967,27,Gram Positive,SVM-RBF,Staphylococcus aureus,Gram Positive
GN0042,0.03131640230036999,28,Gram Negative,SVM-RBF,Pseudomonas aeruginosa,Gram Negative
GP0079,0.9864019994943716,25,Gram Positive,SVM-RBF,Enterococcus faecalis,Gram Positive
GN0076,0.021184774342141305,18,Gram Negative,SVM-RBF,Klebsiella pneumoniae,Gram Negative
GN0017,0.0715973393942391,28,Gram Negative,SVM-RBF,Pseudomonas aeruginosa,Gram Negative
GP0075,0.9703758375678372,35,Gram Positive,SVM-RBF,Enterococcus faecium,Gram Positive
GN0071,0.021480334624498037,28,Gram Negative,SVM-RBF,Escherichia coli,Gram Negative
GN0113,0.0706310814948041,28,Gram Negative,SVM-RBF,Escherichia coli,Gram Negative
GP0006,0.9798818879879584,44,Gram Positive,SVM-RBF,Enterococcus faecalis,Gram Positive
GP0066,0.9517480005131408,42,Gram Positive,SVM-RBF,Enterococcus faecium,Gram Positive
GP0036,0.9882387008571819,43,Gram Positive,SVM-RBF,Enterococcus faecalis,Gram Positive
GN0089,0.01691559408333796,28,Gram Negative,SVM-RBF,Pseudomonas aeruginosa,Gram Negative
GN0015,0.03390273980135014,28,Gram Negative,SVM-RBF,Klebsiella pneumoniae,Gram Negative
GP0001,0.9684523047420508,34,Gram Positive,SVM-RBF,Enterococcus faecalis,Gram Positive
GN0120,0.05267331570188976,19,Gram Negative,SVM-RBF,Pseudomonas aeruginosa,Gram Negative
GP0099,0.9729196865603562,44,Gram Positive,SVM-RBF,Staphylococcus epidermidis,Gram Positive
GP0062,0.9796612423629777,27,Gram Positive,SVM-RBF,Enterococcus faecalis,Gram Positive
GN0024,0.029748919184147283,28,Gram Negative,SVM-RBF,Escherichia coli,Gram Negative
GN0146,0.00047685136228523223,10,Gram Negative,SVM-RBF,Escherichia coli,Gram Negative
GP0033,0.9739539248868997,25,Gram Positive,SVM-RBF,Staphylococcus epidermidis,Gram Positive
GN0041,0.0021574754296549347,28,Gram Negative,SVM-RBF,Escherichia coli,Gram Negative
GN0084,0.1463369493241395,19,Gram Negative,SVM-RBF,Pseudomonas aeruginosa,Gram Negative
GN0002,0.021916852402714387,28,Gram Negative,SVM-RBF,Escherichia coli,Gram Negative
GN0138,0.13931373200566996,10,Gram Negative,SVM-RBF,Pseudomonas aeruginosa,Gram Negative
GN0119,0.010443823906379367,19,Gram Negative,SVM-RBF,Escherichia coli,Gram Negative
GN0035,0.06622520312384991,28,Gram Negative,SVM-RBF,Pseudomonas aeruginosa,Gram Negative
GP0044,0.9896854435737725,27,Gram Positive,SVM-RBF,Enterococcus faecalis,Gram Positive
GP0004,0.9854223911275991,44,Gram Positive,SVM-RBF,Staphylococcus aureus,Gram Positive
GN0007,0.13621880128764494,18,Gram Negative,SVM-RBF,Klebsiella pneumoniae,Gram Negative
GN0116,0.00039488389284519107,19,Gram Negative,SVM-RBF,Escherichia coli,Gram Negative
GP0008,0.9902630688024995,25,Gram Positive,SVM-RBF,Staphylococcus epidermidis,Gram Positive
GP0009,0.965271687034434,36,Gram Positive,SVM-RBF,Enterococcus faecalis,Gram Positive
GN0040,0.05009274022182179,18,Gram Negative,SVM-RBF,Klebsiella pneumoniae,Gram Negative
GP0073,0.9753326247068492,42,Gram Positive,SVM-RBF,Staphylococcus epidermidis,Gram Positive
GN0114,0.0057886029404384445,19,Gram Negative,SVM-RBF,Klebsiella pneumoniae,Gram Negative
GP0015,0.9319307283876395,43,Gram Positive,SVM-RBF,Staphylococcus aureus,Gram Positive
GN0025,0.07664246281558883,28,Gram Negative,SVM-RBF,Pseudomonas aeruginosa,Gram Negative
GP0072,0.9583468611593906,25,Gram Positive,SVM-RBF,Staphylococcus aureus,Gram Positive
GP0107,0.9381215410610864,25,Gram Positive,SVM-RBF,Staphylococcus epidermidis,Gram Positive
GN0068,0.05924971029162407,19,Gram Negative,Transformer,Escherichia coli,Gram Negative
GN0106,0.053569238632917404,28,Gram Negative,Transformer,Escherichia coli,Gram Negative
GN0075,0.023656832054257393,28,Gram Negative,Transformer,Escherichia coli,Gram Negative
GN0022,0.15390494465827942,28,Gram Negative,Transformer,Escherichia coli,Gram Negative
GP0061,0.9640147686004639,36,Gram Positive,Transformer,Staphylococcus aureus,Gram Positive
GP0085,0.9682840704917908,33,Gram Positive,Transformer,Staphylococcus aureus,Gram Positive
GP0023,0.9367344379425049,25,Gram Positive,Transformer,Staphylococcus epidermidis,Gram Positive
GP0026,0.9467151165008545,36,Gram Positive,Transformer,Staphylococcus epidermidis,Gram Positive
GN0078,0.10997504740953445,28,Gram Negative,Transformer,Escherichia coli,Gram Negative
GN0143,0.11575589329004288,10,Gram Negative,Transformer,Pseudomonas aeruginosa,Gram Negative
GN0006,0.028862670063972473,19,Gram Negative,Transformer,Klebsiella pneumoniae,Gram Negative
GP0011,0.9739399552345276,35,Gram Positive,Transformer,Enterococcus faecalis,Gram Positive
GN0047,0.016350537538528442,28,Gram Negative,Transformer,Escherichia coli,Gram Negative
GN0020,0.029195496812462807,18,Gram Negative,Transformer,Klebsiella pneumoniae,Gram Negative
GP0094,0.9291628003120422,35,Gram Positive,Transformer,Staphylococcus aureus,Gram Positive
GP0078,0.9505700469017029,44,Gram Positive,Transformer,Enterococcus faecium,Gram Positive
GP0110,0.9398844838142395,27,Gram Positive,Transformer,Staphylococcus aureus,Gram Positive
GN0042,0.03336704149842262,28,Gram Negative,Transformer,Pseudomonas aeruginosa,Gram Negative
GP0079,0.9714202880859375,25,Gram Positive,Transformer,Enterococcus faecalis,Gram Positive
GN0076,0.031227486208081245,18,Gram Negative,Transformer,Klebsiella pneumoniae,Gram Negative
GN0017,0.06483696401119232,28,Gram Negative,Transformer,Pseudomonas aeruginosa,Gram Negative
GP0075,0.9545900821685791,35,Gram Positive,Transformer,Enterococcus faecium,Gram Positive
GN0071,0.022817373275756836,28,Gram Negative,Transformer,Escherichia coli,Gram Negative
GN0113,0.06339842826128006,28,Gram Negative,Transformer,Escherichia coli,Gram Negative
GP0006,0.9694629907608032,44,Gram Positive,Transformer,Enterococcus faecalis,Gram Positive
GP0066,0.9425022602081299,42,Gram Positive,Transformer,Enterococcus faecium,Gram Positive
GP0036,0.9672331809997559,43,Gram Positive,Transformer,Enterococcus faecalis,Gram Positive
GN0089,0.021259110420942307,28,Gram Negative,Transformer,Pseudomonas aeruginosa,Gram Negative
GN0015,0.04674997925758362,28,Gram Negative,Transformer,Klebsiella pneumoniae,Gram Negative
GP0001,0.957122802734375,34,Gram Positive,Transformer,Enterococcus faecalis,Gram Positive
GN0120,0.06662716716527939,19,Gram Negative,Transformer,Pseudomonas aeruginosa,Gram Negative
GP0099,0.9582648873329163,44,Gram Positive,Transformer,Staphylococcus epidermidis,Gram Positive
GP0062,0.9773573875427246,27,Gram Positive,Transformer,Enterococcus faecalis,Gram Positive
GN0024,0.029377302154898643,28,Gram Negative,Transformer,Escherichia coli,Gram Negative
GN0146,0.0072130849584937096,10,Gram Negative,Transformer,Escherichia coli,Gram Negative
GP0033,0.9697211980819702,25,Gram Positive,Transformer,Staphylococcus epidermidis,Gram Positive
GN0041,0.007800367660820484,28,Gram Negative,Transformer,Escherichia coli,Gram Negative
GN0084,0.12897317111492157,19,Gram Negative,Transformer,Pseudomonas aeruginosa,Gram Negative
GN0002,0.024550259113311768,28,Gram Negative,Transformer,Escherichia coli,Gram Negative
GN0138,0.11368914693593979,10,Gram Negative,Transformer,Pseudomonas aeruginosa,Gram Negative
GN0119,0.007723425514996052,19,Gram Negative,Transformer,Escherichia coli,Gram Negative
GN0035,0.060335248708724976,28,Gram Negative,Transformer,Pseudomonas aeruginosa,Gram Negative
GP0044,0.9803623557090759,27,Gram Positive,Transformer,Enterococcus faecalis,Gram Positive
GP0004,0.9632909893989563,44,Gram Positive,Transformer,Staphylococcus aureus,Gram Positive
GN0007,0.1491243988275528,18,Gram Negative,Transformer,Klebsiella pneumoniae,Gram Negative
GN0116,0.007334385998547077,19,Gram Negative,Transformer,Escherichia coli,Gram Negative
GP0008,0.9903919696807861,25,Gram Positive,Transformer,Staphylococcus epidermidis,Gram Positive
GP0009,0.954153299331665,36,Gram Positive,Transformer,Enterococcus faecalis,Gram Positive
GN0040,0.040669094771146774,18,Gram Negative,Transformer,Klebsiella pneumoniae,Gram Negative
GP0073,0.9742723107337952,42,Gram Positive,Transformer,Staphylococcus epidermidis,Gram Positive
GN0114,0.009072445333003998,19,Gram Negative,Transformer,Klebsiella pneumoniae,Gram Negative
GP0015,0.9209622144699097,43,Gram Positive,Transformer,Staphylococcus aureus,Gram Positive
GN0025,0.07885455340147018,28,Gram Negative,Transformer,Pseudomonas aeruginosa,Gram Negative
GP0072,0.9445708394050598,25,Gram Positive,Transformer,Staphylococcus aureus,Gram Positive
GP0107,0.9426811337471008,25,Gram Positive,Transformer,Staphylococcus epidermidis,Gram Positive
