Isolate_ID,Organism,Antimicrobial,pred_dsi,pred_mic,pred_cat,Model,ref_mic,ref_dsi
GP0061,Staphylococcus aureus,Daptomycin,4,0.5,S,XGBoost,0.5,4
GP0061,Staphylococcus aureus,Ceftriaxone,10,64,R,XGBoost,64,10
GP0061,Staphylococcus aureus,Meropenem,10,>16,R,XGBoost,>16,10
GP0061,Staphylococcus aureus,Ampicillin,10,>32,R,XGBoost,>32,10
GP0085,Staphylococcus aureus,Vancomycin,3,1,S,XGBoost,1,3
GP0085,Staphylococcus aureus,Meropenem,7,4,S,XGBoost,8,8
GP0085,Staphylococcus aureus,Oxacillin,9,>8,R,XGBoost,>8,9
GP0085,Staphylococcus aureus,Daptomycin,7,4,R,XGBoost,4,7
GP0023,Staphylococcus epidermidis,Oxacillin,2,0.12,S,XGBoost,0.12,2
GP0023,Staphylococcus epidermidis,Vancomycin,4,2,S,XGBoost,2,4
GP0023,Staphylococcus epidermidis,Ampicillin,3,0.5,R,XGBoost,0.5,3
GP0026,Staphylococcus epidermidis,Daptomycin,3,0.25,S,XGBoost,0.25,3
GP0026,Staphylococcus epidermidis,Ampicillin,9,32,R,XGBoost,32,9
GP0026,Staphylococcus epidermidis,Meropenem,10,>16,R,XGBoost,>16,10
GP0026,Staphylococcus epidermidis,Ceftriaxone,11,>64,R,XGBoost,>64,11
GP0011,Enterococcus faecalis,Ampicillin,3,0.5,S,XGBoost,0.5,3
GP0011,Enterococcus faecalis,Daptomycin,5,1,S,XGBoost,1,5
GP0011,Enterococcus faecalis,Vancomycin,4,2,S,XGBoost,2,4
GP0011,Enterococcus faecalis,Ceftriaxone,9,32,I,XGBoost,32,9
GP0094,Staphylococcus aureus,Oxacillin,4,0.5,S,XGBoost,0.25,3
GP0094,Staphylococcus aureus,Ceftriaxone,5,2,S,XGBoost,2,5
GP0094,Staphylococcus aureus,Ampicillin,6,4,R,XGBoost,4,6
GP0094,Staphylococcus aureus,Daptomycin,3,0.25,S,XGBoost,0.25,3
GP0078,Enterococcus faecium,Ampicillin,10,>32,R,XGBoost,>32,10
GP0078,Enterococcus faecium,Meropenem,10,>16,R,XGBoost,>16,10
GP0078,Enterococcus faecium,Vancomycin,4,2,S,XGBoost,2,4
GP0078,Enterococcus faecium,Daptomycin,8,8,R,XGBoost,8,8
GP0078,Enterococcus faecium,Ceftriaxone,11,>64,R,XGBoost,>64,11
GP0110,Staphylococcus aureus,Ceftriaxone,9,32,I,XGBoost,64,10
GP0110,Staphylococcus aureus,Vancomycin,3,1,S,XGBoost,1,3
GP0110,Staphylococcus aureus,Ampicillin,9,32,R,XGBoost,32,9
GP0079,Enterococcus faecalis,Meropenem,8,8,I,XGBoost,8,8
GP0079,Enterococcus faecalis,Oxacillin,9,>8,R,XGBoost,>8,9
GP0079,Enterococcus faecalis,Vancomycin,5,4,S,XGBoost,4,5
GP0075,Enterococcus faecium,Ceftriaxone,11,>64,R,XGBoost,>64,11
GP0075,Enterococcus faecium,Meropenem,8,8,I,XGBoost,8,8
GP0075,Enterococcus faecium,Vancomycin,8,32,R,XGBoost,>32,9
GP0075,Enterococcus faecium,Daptomycin,7,4,S,XGBoost,4,7
GP0006,Enterococcus faecalis,Daptomycin,5,1,S,XGBoost,1,5
GP0006,Enterococcus faecalis,Oxacillin,9,>8,R,XGBoost,>8,9
GP0006,Enterococcus faecalis,Ceftriaxone,10,64,R,XGBoost,64,10
GP0006,Enterococcus faecalis,Ampicillin,4,1,S,XGBoost,1,4
GP0006,Enterococcus faecalis,Meropenem,6,2,S,XGBoost,2,6
GP0066,Enterococcus faecium,Vancomycin,9,>32,R,XGBoost,>32,9
GP0066,Enterococcus faecium,Daptomycin,7,4,S,XGBoost,4,7
GP0066,Enterococcus faecium,Ampicillin,9,32,R,XGBoost,32,9
GP0066,Enterococcus faecium,Meropenem,10,>16,R,XGBoost,>16,10
GP0066,Enterococcus faecium,Oxacillin,9,>8,R,XGBoost,>8,9
GP0036,Enterococcus faecalis,Meropenem,8,8,I,XGBoost,8,8
GP0036,Enterococcus faecalis,Daptomycin,5,1,S,XGBoost,1,5
GP0036,Enterococcus faecalis,Ceftriaxone,9,32,I,XGBoost,32,9
GP0036,Enterococcus faecalis,Vancomycin,8,32,R,XGBoost,32,8
GP0036,Enterococcus faecalis,Oxacillin,9,>8,R,XGBoost,>8,9
GP0001,Enterococcus faecalis,Oxacillin,9,>8,R,XGBoost,>8,9
GP0001,Enterococcus faecalis,Vancomycin,4,2,S,XGBoost,2,4
GP0001,Enterococcus faecalis,Ceftriaxone,10,64,R,XGBoost,64,10
GP0001,Enterococcus faecalis,Daptomycin,6,2,S,XGBoost,2,6
GP0099,Staphylococcus epidermidis,Ceftriaxone,11,>64,R,XGBoost,>64,11
GP0099,Staphylococcus epidermidis,Ampicillin,7,8,R,XGBoost,8,7
GP0099,Staphylococcus epidermidis,Vancomycin,4,2,S,XGBoost,2,4
GP0099,Staphylococcus epidermidis,Oxacillin,9,>8,R,XGBoost,>8,9
GP0099,Staphylococcus epidermidis,Meropenem,8,8,I,XGBoost,8,8
GP0062,Enterococcus faecalis,Ceftriaxone,9,32,I,XGBoost,32,9
GP0062,Enterococcus faecalis,Oxacillin,9,>8,R,XGBoost,>8,9
GP0062,Enterococcus faecalis,Meropenem,7,4,S,XGBoost,4,7
GP0033,Staphylococcus epidermidis,Ampicillin,10,>32,R,XGBoost,>32,10
GP0033,Staphylococcus epidermidis,Oxacillin,9,>8,R,XGBoost,>8,9
GP0033,Staphylococcus epidermidis,Daptomycin,3,0.25,S,XGBoost,0.25,3
GP0044,Enterococcus faecalis,Oxacillin,9,>8,R,XGBoost,>8,9
GP0044,Enterococcus faecalis,Ampicillin,4,1,S,XGBoost,1,4
GP0044,Enterococcus faecalis,Ceftriaxone,9,32,I,XGBoost,32,9
GP0004,Staphylococcus aureus,Ampicillin,8,16,R,XGBoost,16,8
GP0004,Staphylococcus aureus,Meropenem,1,<=0.06,S,XGBoost,<=0.06,1
GP0004,Staphylococcus aureus,Ceftriaxone,5,2,S,XGBoost,4,6
GP0004,Staphylococcus aureus,Vancomycin,3,1,S,XGBoost,1,3
GP0004,Staphylococcus aureus,Daptomycin,2,0.12,S,XGBoost,0.12,2
GP0008,Staphylococcus epidermidis,Daptomycin,4,0.5,S,XGBoost,0.5,4
GP0008,Staphylococcus epidermidis,Meropenem,2,0.12,S,XGBoost,0.12,2
GP0008,Staphylococcus epidermidis,Oxacillin,1,<=0.06,S,XGBoost,<=0.06,1
GP0009,Enterococcus faecalis,Ceftriaxone,11,>64,R,XGBoost,>64,11
GP0009,Enterococcus faecalis,Meropenem,8,8,I,XGBoost,8,8
GP0009,Enterococcus faecalis,Ampicillin,6,4,S,XGBoost,4,6
GP0009,Enterococcus faecalis,Oxacillin,9,>8,R,XGBoost,>8,9
GP0073,Staphylococcus epidermidis,Vancomycin,3,1,S,XGBoost,1,3
GP0073,Staphylococcus epidermidis,Oxacillin,3,0.25,S,XGBoost,0.25,3
GP0073,Staphylococcus epidermidis,Ampicillin,1,<=0.12,S,XGBoost,<=0.12,1
GP0073,Staphylococcus epidermidis,Daptomycin,3,0.25,S,XGBoost,0.25,3
GP0073,Staphylococcus epidermidis,Meropenem,2,0.12,S,XGBoost,0.12,2
GP0015,Staphylococcus aureus,Vancomycin,2,0.5,S,XGBoost,0.5,2
GP0015,Staphylococcus aureus,Ceftriaxone,6,4,S,XGBoost,4,6
GP0015,Staphylococcus aureus,Oxacillin,5,1,S,XGBoost,1,5
GP0015,Staphylococcus aureus,Daptomycin,4,0.5,S,XGBoost,0.5,4
GP0015,Staphylococcus aureus,Ampicillin,8,16,R,XGBoost,16,8
GP0072,Staphylococcus aureus,Meropenem,3,0.25,S,XGBoost,0.25,3
GP0072,Staphylococcus aureus,Daptomycin,4,0.5,S,XGBoost,0.5,4
GP0072,Staphylococcus aureus,Vancomycin,2,0.5,S,XGBoost,0.5,2
GP0107,Staphylococcus epidermidis,Meropenem,2,0.12,S,XGBoost,0.12,2
GP0107,Staphylococcus epidermidis,Oxacillin,3,0.25,S,XGBoost,0.25,3
GP0107,Staphylococcus epidermidis,Daptomycin,4,0.5,S,XGBoost,0.5,4
GP0061,Staphylococcus aureus,Daptomycin,4,0.5,S,SVM-RBF,0.5,4
GP0061,Staphylococcus aureus,Ceftriaxone,10,64,R,SVM-RBF,64,10
GP0061,Staphylococcus aureus,Meropenem,10,>16,R,SVM-RBF,>16,10
GP0061,Staphylococcus aureus,Ampicillin,10,>32,R,SVM-RBF,>32,10
GP0085,Staphylococcus aureus,Vancomycin,3,1,S,SVM-RBF,1,3
GP0085,Staphylococcus aureus,Meropenem,8,8,I,SVM-RBF,8,8
GP0085,Staphylococcus aureus,Oxacillin,9,>8,R,SVM-RBF,>8,9
GP0085,Staphylococcus aureus,Daptomycin,7,4,R,SVM-RBF,4,7
GP0023,Staphylococcus epidermidis,Oxacillin,2,0.12,S,SVM-RBF,0.12,2
GP0023,Staphylococcus epidermidis,Vancomycin,4,2,S,SVM-RBF,2,4
GP0023,Staphylococcus epidermidis,Ampicillin,3,0.5,R,SVM-RBF,0.5,3
GP0026,Staphylococcus epidermidis,Daptomycin,3,0.25,S,SVM-RBF,0.25,3
GP0026,Staphylococcus epidermidis,Ampicillin,8,16,R,SVM-RBF,32,9
GP0026,Staphylococcus epidermidis,Meropenem,10,>16,R,SVM-RBF,>16,10
GP0026,Staphylococcus epidermidis,Ceftriaxone,11,>64,R,SVM-RBF,>64,11
GP0011,Enterococcus faecalis,Ampicillin,3,0.5,S,SVM-RBF,0.5,3
GP0011,Enterococcus faecalis,Daptomycin,5,1,S,SVM-RBF,1,5
GP0011,Enterococcus faecalis,Vancomycin,4,2,S,SVM-RBF,2,4
GP0011,Enterococcus faecalis,Ceftriaxone,9,32,I,SVM-RBF,32,9
GP0094,Staphylococcus aureus,Oxacillin,3,0.25,S,SVM-RBF,0.25,3
GP0094,Staphylococcus aureus,Ceftriaxone,5,2,S,SVM-RBF,2,5
GP0094,Staphylococcus aureus,Ampicillin,6,4,R,SVM-RBF,4,6
GP0094,Staphylococcus aureus,Daptomycin,3,0.25,S,SVM-RBF,0.25,3
GP0078,Enterococcus faecium,Ampicillin,10,>32,R,SVM-RBF,>32,10
GP0078,Enterococcus faecium,Meropenem,10,>16,R,SVM-RBF,>16,10
GP0078,Enterococcus faecium,Vancomycin,4,2,S,SVM-RBF,2,4
GP0078,Enterococcus faecium,Daptomycin,8,8,R,SVM-RBF,8,8
GP0078,Enterococcus faecium,Ceftriaxone,11,>64,R,SVM-RBF,>64,11
GP0110,Staphylococcus aureus,Ceftriaxone,10,64,R,SVM-RBF,64,10
GP0110,Staphylococcus aureus,Vancomycin,3,1,S,SVM-RBF,1,3
GP0110,Staphylococcus aureus,Ampicillin,9,32,R,SVM-RBF,32,9
GP0079,Enterococcus faecalis,Meropenem,8,8,I,SVM-RBF,8,8
GP0079,Enterococcus faecalis,Oxacillin,9,>8,R,SVM-RBF,>8,9
GP0079,Enterococcus faecalis,Vancomycin,5,4,S,SVM-RBF,4,5
GP0075,Enterococcus faecium,Ceftriaxone,11,>64,R,SVM-RBF,>64,11
GP0075,Enterococcus faecium,Meropenem,8,8,I,SVM-RBF,8,8
GP0075,Enterococcus faecium,Vancomycin,8,32,R,SVM-RBF,>32,9
GP0075,Enterococcus faecium,Daptomycin,7,4,S,SVM-RBF,4,7
GP0006,Enterococcus faecalis,Daptomycin,5,1,S,SVM-RBF,1,5
GP0006,Enterococcus faecalis,Oxacillin,9,>8,R,SVM-RBF,>8,9
GP0006,Enterococcus faecalis,Ceftriaxone,10,64,R,SVM-RBF,64,10
GP0006,Enterococcus faecalis,Ampicillin,4,1,S,SVM-RBF,1,4
GP0006,Enterococcus faecalis,Meropenem,6,2,S,SVM-RBF,2,6
GP0066,Enterococcus faecium,Vancomycin,9,>32,R,SVM-RBF,>32,9
GP0066,Enterococcus faecium,Daptomycin,7,4,S,SVM-RBF,4,7
GP0066,Enterococcus faecium,Ampicillin,9,32,R,SVM-RBF,32,9
GP0066,Enterococcus faecium,Meropenem,10,>16,R,SVM-RBF,>16,10
GP0066,Enterococcus faecium,Oxacillin,9,>8,R,SVM-RBF,>8,9
GP0036,Enterococcus faecalis,Meropenem,8,8,I,SVM-RBF,8,8
GP0036,Enterococcus faecalis,Daptomycin,5,1,S,SVM-RBF,1,5
GP0036,Enterococcus faecalis,Ceftriaxone,9,32,I,SVM-RBF,32,9
GP0036,Enterococcus faecalis,Vancomycin,8,32,R,SVM-RBF,32,8
GP0036,Enterococcus faecalis,Oxacillin,9,>8,R,SVM-RBF,>8,9
GP0001,Enterococcus faecalis,Oxacillin,9,>8,R,SVM-RBF,>8,9
GP0001,Enterococcus faecalis,Vancomycin,4,2,S,SVM-RBF,2,4
GP0001,Enterococcus faecalis,Ceftriaxone,10,64,R,SVM-RBF,64,10
GP0001,Enterococcus faecalis,Daptomycin,6,2,S,SVM-RBF,2,6
GP0099,Staphylococcus epidermidis,Ceftriaxone,11,>64,R,SVM-RBF,>64,11
GP0099,Staphylococcus epidermidis,Ampicillin,7,8,R,SVM-RBF,8,7
GP0099,Staphylococcus epidermidis,Vancomycin,4,2,S,SVM-RBF,2,4
GP0099,Staphylococcus epidermidis,Oxacillin,9,>8,R,SVM-RBF,>8,9
GP0099,Staphylococcus epidermidis,Meropenem,8,8,I,SVM-RBF,8,8
GP0062,Enterococcus faecalis,Ceftriaxone,9,32,I,SVM-RBF,32,9
GP0062,Enterococcus faecalis,Oxacillin,9,>8,R,SVM-RBF,>8,9
GP0062,Enterococcus faecalis,Meropenem,7,4,S,SVM-RBF,4,7
GP0033,Staphylococcus epidermidis,Ampicillin,10,>32,R,SVM-RBF,>32,10
GP0033,Staphylococcus epidermidis,Oxacillin,9,>8,R,SVM-RBF,>8,9
GP0033,Staphylococcus epidermidis,Daptomycin,3,0.25,S,SVM-RBF,0.25,3
GP0044,Enterococcus faecalis,Oxacillin,9,>8,R,SVM-RBF,>8,9
GP0044,Enterococcus faecalis,Ampicillin,4,1,S,SVM-RBF,1,4
GP0044,Enterococcus faecalis,Ceftriaxone,9,32,I,SVM-RBF,32,9
GP0004,Staphylococcus aureus,Ampicillin,8,16,R,SVM-RBF,16,8
GP0004,Staphylococcus aureus,Meropenem,1,<=0.06,S,SVM-RBF,<=0.06,1
GP0004,Staphylococcus aureus,Ceftriaxone,6,4,S,SVM-RBF,4,6
GP0004,Staphylococcus aureus,Vancomycin,3,1,S,SVM-RBF,1,3
GP0004,Staphylococcus aureus,Daptomycin,2,0.12,S,SVM-RBF,0.12,2
GP0008,Staphylococcus epidermidis,Daptomycin,4,0.5,S,SVM-RBF,0.5,4
GP0008,Staphylococcus epidermidis,Meropenem,2,0.12,S,SVM-RBF,0.12,2
GP0008,Staphylococcus epidermidis,Oxacillin,1,<=0.06,S,SVM-RBF,<=0.06,1
GP0009,Enterococcus faecalis,Ceftriaxone,11,>64,R,SVM-RBF,>64,11
GP0009,Enterococcus faecalis,Meropenem,8,8,I,SVM-RBF,8,8
GP0009,Enterococcus faecalis,Ampicillin,6,4,S,SVM-RBF,4,6
GP0009,Enterococcus faecalis,Oxacillin,9,>8,R,SVM-RBF,>8,9
GP0073,Staphylococcus epidermidis,Vancomycin,3,1,S,SVM-RBF,1,3
GP0073,Staphylococcus epidermidis,Oxacillin,3,0.25,S,SVM-RBF,0.25,3
GP0073,Staphylococcus epidermidis,Ampicillin,1,<=0.12,S,SVM-RBF,<=0.12,1
GP0073,Staphylococcus epidermidis,Daptomycin,3,0.25,S,SVM-RBF,0.25,3
GP0073,Staphylococcus epidermidis,Meropenem,2,0.12,S,SVM-RBF,0.12,2
GP0015,Staphylococcus aureus,Vancomycin,2,0.5,S,SVM-RBF,0.5,2
GP0015,Staphylococcus aureus,Ceftriaxone,6,4,S,SVM-RBF,4,6
GP0015,Staphylococcus aureus,Oxacillin,5,1,S,SVM-RBF,1,5
GP0015,Staphylococcus aureus,Daptomycin,4,0.5,S,SVM-RBF,0.5,4
GP0015,Staphylococcus aureus,Ampicillin,8,16,R,SVM-RBF,16,8
GP0072,Staphylococcus aureus,Meropenem,3,0.25,S,SVM-RBF,0.25,3
GP0072,Staphylococcus aureus,Daptomycin,4,0.5,S,SVM-RBF,0.5,4
GP0072,Staphylococcus aureus,Vancomycin,2,0.5,S,SVM-RBF,0.5,2
GP0107,Staphylococcus epidermidis,Meropenem,2,0.12,S,SVM-RBF,0.12,2
GP0107,Staphylococcus epidermidis,Oxacillin,3,0.25,S,SVM-RBF,0.25,3
GP0107,Staphylococcus epidermidis,Daptomycin,4,0.5,S,SVM-RBF,0.5,4
GP0061,Staphylococcus aureus,Daptomycin,4,0.5,S,Transformer,0.5,4
GP0061,Staphylococcus aureus,Ceftriaxone,10,64,R,Transformer,64,10
GP0061,Staphylococcus aureus,Meropenem,10,>16,R,Transformer,>16,10
GP0061,Staphylococcus aureus,Ampicillin,10,>32,R,Transformer,>32,10
GP0085,Staphylococcus aureus,Vancomycin,3,1,S,Transformer,1,3
GP0085,Staphylococcus aureus,Meropenem,7,4,S,Transformer,8,8
GP0085,Staphylococcus aureus,Oxacillin,9,>8,R,Transformer,>8,9
GP0085,Staphylococcus aureus,Daptomycin,7,4,R,Transformer,4,7
GP0023,Staphylococcus epidermidis,Oxacillin,2,0.12,S,Transformer,0.12,2
GP0023,Staphylococcus epidermidis,Vancomycin,4,2,S,Transformer,2,4
GP0023,Staphylococcus epidermidis,Ampicillin,3,0.5,R,Transformer,0.5,3
GP0026,Staphylococcus epidermidis,Daptomycin,3,0.25,S,Transformer,0.25,3
GP0026,Staphylococcus epidermidis,Ampicillin,8,16,R,Transformer,32,9
GP0026,Staphylococcus epidermidis,Meropenem,10,>16,R,Transformer,>16,10
GP0026,Staphylococcus epidermidis,Ceftriaxone,11,>64,R,Transformer,>64,11
GP0011,Enterococcus faecalis,Ampicillin,3,0.5,S,Transformer,0.5,3
GP0011,Enterococcus faecalis,Daptomycin,5,1,S,Transformer,1,5
GP0011,Enterococcus faecalis,Vancomycin,4,2,S,Transformer,2,4
GP0011,Enterococcus faecalis,Ceftriaxone,9,32,I,Transformer,32,9
GP0094,Staphylococcus aureus,Oxacillin,3,0.25,S,Transformer,0.25,3
GP0094,Staphylococcus aureus,Ceftriaxone,5,2,S,Transformer,2,5
GP0094,Staphylococcus aureus,Ampicillin,6,4,R,Transformer,4,6
GP0094,Staphylococcus aureus,Daptomycin,3,0.25,S,Transformer,0.25,3
GP0078,Enterococcus faecium,Ampicillin,10,>32,R,Transformer,>32,10
GP0078,Enterococcus faecium,Meropenem,10,>16,R,Transformer,>16,10
GP0078,Enterococcus faecium,Vancomycin,4,2,S,Transformer,2,4
GP0078,Enterococcus faecium,Daptomycin,8,8,R,Transformer,8,8
GP0078,Enterococcus faecium,Ceftriaxone,11,>64,R,Transformer,>64,11
GP0110,Staphylococcus aureus,Ceftriaxone,9,32,I,Transformer,64,10
GP0110,Staphylococcus aureus,Vancomycin,3,1,S,Transformer,1,3
GP0110,Staphylococcus aureus,Ampicillin,9,32,R,Transformer,32,9
GP0079,Enterococcus faecalis,Meropenem,8,8,I,Transformer,8,8
GP0079,Enterococcus faecalis,Oxacillin,9,>8,R,Transformer,>8,9
GP0079,Enterococcus faecalis,Vancomycin,5,4,S,Transformer,4,5
GP0075,Enterococcus faecium,Ceftriaxone,11,>64,R,Transformer,>64,11
GP0075,Enterococcus faecium,Meropenem,8,8,I,Transformer,8,8
GP0075,Enterococcus faecium,Vancomycin,8,32,R,Transformer,>32,9
GP0075,Enterococcus faecium,Daptomycin,7,4,S,Transformer,4,7
GP0006,Enterococcus faecalis,Daptomycin,5,1,S,Transformer,1,5
GP0006,Enterococcus faecalis,Oxacillin,9,>8,R,Transformer,>8,9
GP0006,Enterococcus faecalis,Ceftriaxone,10,64,R,Transformer,64,10
GP0006,Enterococcus faecalis,Ampicillin,4,1,S,Transformer,1,4
GP0006,Enterococcus faecalis,Meropenem,6,2,S,Transformer,2,6
GP0066,Enterococcus faecium,Vancomycin,9,>32,R,Transformer,>32,9
GP0066,Enterococcus faecium,Daptomycin,7,4,S,Transformer,4,7
GP0066,Enterococcus faecium,Ampicillin,9,32,R,Transformer,32,9
GP0066,Enterococcus faecium,Meropenem,9,16,R,Transformer,>16,10
GP0066,Enterococcus faecium,Oxacillin,9,>8,R,Transformer,>8,9
GP0036,Enterococcus faecalis,Meropenem,8,8,I,Transformer,8,8
GP0036,Enterococcus faecalis,Daptomycin,5,1,S,Transformer,1,5
GP0036,Enterococcus faecalis,Ceftriaxone,9,32,I,Transformer,32,9
GP0036,Enterococcus faecalis,Vancomycin,8,32,R,Transformer,32,8
GP0036,Enterococcus faecalis,Oxacillin,9,>8,R,Transformer,>8,9
GP0001,Enterococcus faecalis,Oxacillin,9,>8,R,Transformer,>8,9
GP0001,Enterococcus faecalis,Vancomycin,4,2,S,Transformer,2,4
GP0001,Enterococcus faecalis,Ceftriaxone,10,64,R,Transformer,64,10
GP0001,Enterococcus faecalis,Daptomycin,6,2,S,Transformer,2,6
GP0099,Staphylococcus epidermidis,Ceftriaxone,11,>64,R,Transformer,>64,11
GP0099,Staphylococcus epidermidis,Ampicillin,7,8,R,Transformer,8,7
GP0099,Staphylococcus epidermidis,Vancomycin,3,1,S,Transformer,2,4
GP0099,Staphylococcus epidermidis,Oxacillin,9,>8,R,Transformer,>8,9
GP0099,Staphylococcus epidermidis,Meropenem,8,8,I,Transformer,8,8
GP0062,Enterococcus faecalis,Ceftriaxone,9,32,I,Transformer,32,9
GP0062,Enterococcus faecalis,Oxacillin,9,>8,R,Transformer,>8,9
GP0062,Enterococcus faecalis,Meropenem,6,2,S,Transformer,4,7
GP0033,Staphylococcus epidermidis,Ampicillin,10,>32,R,Transformer,>32,10
GP0033,Staphylococcus epidermidis,Oxacillin,9,>8,R,Transformer,>8,9
GP0033,Staphylococcus epidermidis,Daptomycin,3,0.25,S,Transformer,0.25,3
GP0044,Enterococcus faecalis,Oxacillin,9,>8,R,Transformer,>8,9
GP0044,Enterococcus faecalis,Ampicillin,4,1,S,Transformer,1,4
GP0044,Enterococcus faecalis,Ceftriaxone,9,32,I,Transformer,32,9
GP0004,Staphylococcus aureus,Ampicillin,8,16,R,Transformer,16,8
GP0004,Staphylococcus aureus,Meropenem,1,<=0.06,S,Transformer,<=0.06,1
GP0004,Staphylococcus aureus,Ceftriaxone,5,2,S,Transformer,4,6
GP0004,Staphylococcus aureus,Vancomycin,3,1,S,Transformer,1,3
GP0004,Staphylococcus aureus,Daptomycin,1,<=0.06,S,Transformer,0.12,2
GP0008,Staphylococcus epidermidis,Daptomycin,4,0.5,S,Transformer,0.5,4
GP0008,Staphylococcus epidermidis,Meropenem,3,0.25,S,Transformer,0.12,2
GP0008,Staphylococcus epidermidis,Oxacillin,1,<=0.06,S,Transformer,<=0.06,1
GP0009,Enterococcus faecalis,Ceftriaxone,11,>64,R,Transformer,>64,11
GP0009,Enterococcus faecalis,Meropenem,8,8,I,Transformer,8,8
GP0009,Enterococcus faecalis,Ampicillin,6,4,S,Transformer,4,6
GP0009,Enterococcus faecalis,Oxacillin,9,>8,R,Transformer,>8,9
GP0073,Staphylococcus epidermidis,Vancomycin,3,1,S,Transformer,1,3
GP0073,Staphylococcus epidermidis,Oxacillin,3,0.25,S,Transformer,0.25,3
GP0073,Staphylococcus epidermidis,Ampicillin,1,<=0.12,S,Transformer,<=0.12,1
GP0073,Staphylococcus epidermidis,Daptomycin,3,0.25,S,Transformer,0.25,3
GP0073,Staphylococcus epidermidis,Meropenem,2,0.12,S,Transformer,0.12,2
GP0015,Staphylococcus aureus,Vancomycin,2,0.5,S,Transformer,0.5,2
GP0015,Staphylococcus aureus,Ceftriaxone,6,4,S,Transformer,4,6
GP0015,Staphylococcus aureus,Oxacillin,5,1,S,Transformer,1,5
GP0015,Staphylococcus aureus,Daptomycin,4,0.5,S,Transformer,0.5,4
GP0015,Staphylococcus aureus,Ampicillin,8,16,R,Transformer,16,8
GP0072,Staphylococcus aureus,Meropenem,3,0.25,S,Transformer,0.25,3
GP0072,Staphylococcus aureus,Daptomycin,4,0.5,S,Transformer,0.5,4
GP0072,Staphylococcus aureus,Vancomycin,2,0.5,S,Transformer,0.5,2
GP0107,Staphylococcus epidermidis,Meropenem,2,0.12,S,Transformer,0.12,2
GP0107,Staphylococcus epidermidis,Oxacillin,3,0.25,S,Transformer,0.25,3
GP0107,Staphylococcus epidermidis,Daptomycin,4,0.5,S,Transformer,0.5,4
